{
  "project_info": {
    "project_number": "101647910328",
    "project_id": "farmers-cart-99ccf",
    "storage_bucket": "farmers-cart-99ccf.appspot.com"
  },
  "client": [
    {
      "client_info": {
        "mobilesdk_app_id": "1:101647910328:android:b293c523a986e8e48efb4d",
        "android_client_info": {
          "package_name": "com.example.farmerscart"
        }
      },
      "oauth_client": [
        {
          "client_id": "101647910328-dejad7rulbm7nfr39ku30hhc9n5qtvam.apps.googleusercontent.com",
          "client_type": 3
        }
      ],
      "api_key": [
        {
          "current_key": "AIzaSyAxR9Oe02GZQWWmqkwo-d155PtR9Bat0zM"
        }
      ],
      "services": {
        "appinvite_service": {
          "other_platform_oauth_client": [
            {
              "client_id": "101647910328-dejad7rulbm7nfr39ku30hhc9n5qtvam.apps.googleusercontent.com",
              "client_type": 3
            }
          ]
        }
      }
    }
  ],
  "configuration_version": "1"
}